[{"id":"user-image-76b4363d2a0849d731a638995e0113b7.png","publicUrl":"np://user.desktop.nicepage.com/Site_237312275/images/76b4363d2a0849d731a638995e0113b7.png","size":45321,"hash":"ppivtKm8ScZl/B7lqIMvBqp1OxQ=","fileName":"76b4363d2a0849d731a638995e0113b7.png","name":"76b4363d2a0849d731a638995e0113b7","width":334,"height":190,"thumbnail":{"url":"np://user.desktop.nicepage.com/Site_237312275/images/thumbnails/76b4363d2a0849d731a638995e0113b7.png","width":250,"height":142},"originalUrl":"//images01.nicepagecdn.com/76/b4/76b4363d2a0849d731a638995e0113b7.png","usages":[]},{"id":"user-image-hgghgh.jpg","publicUrl":"np://user.desktop.nicepage.com/Site_237312275/images/hgghgh.jpg","size":185839,"hash":"whKc+KbksxZTxa32g/C7TDBehLc=","fileName":"hgghgh.jpg","name":"hgghgh","width":1200,"height":798,"thumbnail":{"url":"np://user.desktop.nicepage.com/Site_237312275/images/thumbnails/hgghgh.jpg","width":250,"height":166},"originalUrl":"//images01.nicepage.com/c461c07a441a5d220e8feb1a/ab0618cd08845a2da02e148b/hgghgh.jpg","usages":["607203874","80858896"]},{"id":"user-image-jhjhjh.jpg","publicUrl":"np://user.desktop.nicepage.com/Site_237312275/images/jhjhjh.jpg","size":259078,"hash":"M4kOZBAqFQVlPZIKnXDCgk1kQD0=","fileName":"jhjhjh.jpg","name":"jhjhjh","width":900,"height":900,"thumbnail":{"url":"np://user.desktop.nicepage.com/Site_237312275/images/thumbnails/jhjhjh.jpg","width":250,"height":250},"originalUrl":"//images01.nicepage.com/c461c07a441a5d220e8feb1a/43ca4f062cd352deb4c7e2bd/jhjhjh.jpg","usages":["80858896"]},{"id":"user-image-6e96d1b2-8c38-b1c5-6653-fec6b2ae5c4d.jpg","publicUrl":"np://user.desktop.nicepage.com/Site_237312275/images/6e96d1b2-8c38-b1c5-6653-fec6b2ae5c4d.jpg","size":259760,"hash":"Hw0IsVjhdmRF6CFVLEe1152QIXo=","fileName":"6e96d1b2-8c38-b1c5-6653-fec6b2ae5c4d.jpg","name":"6e96d1b2-8c38-b1c5-6653-fec6b2ae5c4d","width":1000,"height":1000,"thumbnail":{"url":"np://user.desktop.nicepage.com/Site_237312275/images/thumbnails/6e96d1b2-8c38-b1c5-6653-fec6b2ae5c4d.jpg","width":250,"height":250},"originalUrl":"//images01.nicepage.com/c461c07a441a5d220e8feb1a/9ce4d0bf965853249530937c/6e96d1b2-8c38-b1c5-6653-fec6b2ae5c4d.jpg","usages":["711818432"]},{"id":"user-image-a8b53265-075a-3413-3868-8182cbdb4317.jpg","publicUrl":"np://user.desktop.nicepage.com/Site_237312275/images/a8b53265-075a-3413-3868-8182cbdb4317.jpg","size":88533,"hash":"nOeBn5Fngz20Oa4QfYChC1QxpDc=","fileName":"a8b53265-075a-3413-3868-8182cbdb4317.jpg","name":"a8b53265-075a-3413-3868-8182cbdb4317","width":1000,"height":667,"thumbnail":{"url":"np://user.desktop.nicepage.com/Site_237312275/images/thumbnails/a8b53265-075a-3413-3868-8182cbdb4317.jpg","width":250,"height":167},"originalUrl":"//images01.nicepage.com/c461c07a441a5d220e8feb1a/37bcbc3fe6ac52e5b1485741/a8b53265-075a-3413-3868-8182cbdb4317.jpg","usages":["80858896"]},{"id":"user-image-jh.jpg","publicUrl":"np://user.desktop.nicepage.com/Site_237312275/images/jh.jpg","size":168425,"hash":"FNntjzkzcnee1+DAkHeaV+jF9vA=","fileName":"jh.jpg","name":"jh","width":800,"height":800,"thumbnail":{"url":"np://user.desktop.nicepage.com/Site_237312275/images/thumbnails/jh.jpg","width":250,"height":250},"originalUrl":"//images01.nicepage.com/c461c07a441a5d220e8feb1a/bb6ada804ef85f848ebc9a74/jh.jpg","usages":["80858896"]},{"id":"user-image-fb5303c9f244d8f6dd50489608bd472b1ea7a2d214ac5241ef6afeda1490a13af779da93feda62c6844c469a939bd6ddf0c7b121cb325c36e7bea9_1280.jpg","publicUrl":"np://user.desktop.nicepage.com/Site_237312275/images/fb5303c9f244d8f6dd50489608bd472b1ea7a2d214ac5241ef6afeda1490a13af779da93feda62c6844c469a939bd6ddf0c7b121cb325c36e7bea9_1280.jpg","size":235086,"hash":"lwUVqtwynwmIgRfzEUXs9KcuOs4=","fileName":"fb5303c9f244d8f6dd50489608bd472b1ea7a2d214ac5241ef6afeda1490a13af779da93feda62c6844c469a939bd6ddf0c7b121cb325c36e7bea9_1280.jpg","name":"fb5303c9f244d8f6dd50489608bd472b1ea7a2d214ac5241ef6afeda1490a13af779da93feda62c6844c469a939bd6ddf0c7b121cb325c36e7bea9_1280","width":1280,"height":853,"thumbnail":{"url":"np://user.desktop.nicepage.com/Site_237312275/images/thumbnails/fb5303c9f244d8f6dd50489608bd472b1ea7a2d214ac5241ef6afeda1490a13af779da93feda62c6844c469a939bd6ddf0c7b121cb325c36e7bea9_1280.jpg","width":250,"height":167},"usages":["711818432"]}]